"codigo_brecha","nombre_tipo_dato_expuesto","nombre_categoria_sensibilidad","nombre_organizacion","fecha_notificacion_usuario"
BR-00088,Numero de Identificacion,Alta,Lynn-Garcia,2022-03-03
BR-00165,Historial Medico,Critica,Lynn-Garcia,2022-07-18
BR-00570,Numero de Identificacion,Alta,Lynn-Garcia,2022-08-18
BR-00571,Contrasena,Alta,Lynn-Garcia,2022-10-04
BR-00181,Numero de Identificacion,Alta,Lynn-Garcia,2023-08-01
BR-00507,Correo Electronico,Media,Lynn-Garcia,2023-09-24
BR-00507,Contrasena,Alta,Lynn-Garcia,2023-10-11
BR-00198,Historial de Transacciones,Alta,Lynn-Garcia,2024-01-11
BR-00501,Fecha de Nacimiento,Baja,Lynn-Garcia,2024-06-08
BR-00612,Contrasena,Alta,Lynn-Garcia,2024-06-20
BR-00348,Numero Telefonico,Baja,Lynn-Garcia,2024-07-20
BR-00107,Direccion Fisica,Media,Lynn-Garcia,2024-12-14
BR-00254,Nombre Completo,Baja,Lynn-Garcia,2025-04-15
BR-00579,Numero de Identificacion,Alta,Lynn-Garcia,2026-05-16
BR-00579,Contrasena,Alta,Lynn-Garcia,2026-05-23
BR-00286,Contrasena,Alta,Lynn-Garcia,2026-09-22
